label, task, weight
応用情報,28年春 第 44 問,1
応用情報,28年春 第 45 問,1
応用情報,28年春 第 46 問,1
応用情報,28年春 第 47 問,1
応用情報,28年春 第 48 問,1
応用情報,28年春 第 49 問,1
応用情報,28年春 第 50 問,1
応用情報,28年春 第 51 問,1
応用情報,28年春 第 52 問,1
応用情報,28年春 第 53 問,1
応用情報,28年春 第 54 問,1
応用情報,28年春 第 55 問,1
応用情報,28年春 第 56 問,1
応用情報,28年春 第 57 問,1
応用情報,28年春 第 58 問,1
応用情報,28年春 第 59 問,1
応用情報,28年春 第 60 問,1
応用情報,28年春 第 61 問,1
応用情報,28年春 第 62 問,1
応用情報,28年春 第 63 問,1
応用情報,28年春 第 64 問,1
応用情報,28年春 第 65 問,1
応用情報,28年春 第 66 問,1
応用情報,28年春 第 67 問,1
応用情報,28年春 第 68 問,1
応用情報,28年春 第 69 問,1
応用情報,28年春 第 70 問,1
応用情報,28年春 第 71 問,1
応用情報,28年春 第 72 問,1
応用情報,28年春 第 73 問,1
応用情報,28年春 第 74 問,1
応用情報,28年春 第 75 問,1
応用情報,28年春 第 76 問,1
応用情報,28年春 第 77 問,1
応用情報,28年春 第 78 問,1
応用情報,28年春 第 79 問,1
応用情報,28年春 第 80 問,1
JMAM,リスニング 第 7 週 月 曜日,20
JMAM,リスニング 第 7 週 火 曜日,20
JMAM,リスニング 第 7 週 水 曜日,20
JMAM,リスニング 第 7 週 木 曜日,20
JMAM,リーディング 第 1 週 月 曜日,20
JMAM,リーディング 第 1 週 火 曜日,20
JMAM,リーディング 第 1 週 水 曜日,20
JMAM,リーディング 第 1 週 木 曜日,20
JMAM,リーディング 第 2 週 月 曜日,20
JMAM,リーディング 第 2 週 火 曜日,20
JMAM,リーディング 第 2 週 水 曜日,20
JMAM,リーディング 第 2 週 木 曜日,20
JMAM,リーディング 第 3 週 月 曜日,20
JMAM,リーディング 第 3 週 火 曜日,20
JMAM,リーディング 第 3 週 水 曜日,20
JMAM,リーディング 第 3 週 木 曜日,20
JMAM,リーディング 第 4 週 月 曜日,20
JMAM,リーディング 第 4 週 火 曜日,20
JMAM,リーディング 第 4 週 水 曜日,20
JMAM,リーディング 第 4 週 木 曜日,20
JMAM,リーディング 第 5 週 月 曜日,20
JMAM,リーディング 第 5 週 火 曜日,20
JMAM,リーディング 第 5 週 水 曜日,20
JMAM,リーディング 第 5 週 木 曜日,20
JMAM,リーディング 第 6 週 月 曜日,20
JMAM,リーディング 第 6 週 火 曜日,20
JMAM,リーディング 第 6 週 水 曜日,20
JMAM,リーディング 第 6 週 木 曜日,20
JMAM,リーディング 第 7 週 月 曜日,20
JMAM,リーディング 第 7 週 火 曜日,20
JMAM,リーディング 第 7 週 水 曜日,20
JMAM,リーディング 第 7 週 木 曜日,20
